author_id,fullname,lab
1,ABDALLAH SAFFIDINE,EXT
2,ABHINAV GUPTA,EXT
3,ADEL BIBI,EXT
4,ADRIAN HARET,EXT
5,ADRIAN LECOUTRE,EXT
6,AGNÈS RICO,EXT
7,AHLAM AZZAMOURI,EXT
8,AHMED SAMET,EXT
9,AKIHISA SONODA,EXT
10,ALAIN HERTZ,EXT
11,ALAIN RAKOTOMAMONJY,EXT
12,ALAN LUKEŽIČ,EXT
13,ALBAN GAIGNARD,EXT
14,ALBERTO CAPRARA,EXT
15,ALBERTO CESELLI,EXT
16,ALBERTO COLORNI,EXT
17,ALBERTO SANTINI,EXT
18,ALDO PAGANO,EXT
19,ALESSANDRO SOLIMANDO,EXT
20,ALEXANDRE ARAUJO,EXT
21,ALEXANDRE ARAÚJO,EXT
22,ALEXANDRE GONDRAN,EXT
23,ALEXIS TSOUKIÀS,EXT
24,ALEŠ LEONARDIS,EXT
25,ALFREDO PETROSINO,EXT
26,ALI RIDHA MAHJOUB,LAMSADE
27,ALVARO GARCIA-MARTIN,EXT
28,AMBROS GLEIXNER,EXT
29,AMEDEO NAPOLI,EXT
30,AMEL BORGI,EXT
31,AMIN FARVARDIN,EXT
32,AMINE AÏT-YOUNES,EXT
33,AMIR SAFFARI,EXT
34,ANAELLE WILCZYNSKI,EXT
35,ANAËLLE WILCZYNSKI,EXT
36,ANDREA LODI,EXT
37,ANDREAS DARMANN,EXT
38,ANDRZEJ CICHOCKI,EXT
39,ANDRÉ ROSSI,LAMSADE
40,ANDRÉS MONTERO,EXT
41,ANGELIKA WIEGELE,EXT
42,ANNE MORVAN,EXT
43,ANNIG LE PARC-LACAYRELLE,EXT
44,ANTOINE RICHARD,EXT
45,ANTON VARFOLOMIEIEV,EXT
46,ANTONIO FRANGIONI,EXT
47,ARARAT HARUTYUNYAN,LAMSADE
48,ARIEL D. PROCACCIA,EXT
49,ARIS PAGOURTZIS,EXT
50,ARISTOTELIS GIANNAKOS,LAMSADE
51,ASMA RAKIZ,EXT
52,ATIF LINDA,EXT
53,ATILLA BASKURT,EXT
54,AURÉLIE BEYNIER,EXT
55,AXEL MOINET,EXT
56,BAOJUN ZHAO,EXT
57,BARUCH SCHIEBER,EXT
58,BASILE CLEMENT,EXT
59,BEATRICE GUEZ,EXT
60,BEATRICE NAPOLITANO,EXT
61,BENJAMIN NEGREVERGNE,LAMSADE
62,BENJAMIN ROUSVAL,EXT
63,BENOIT DARTIES,EXT
64,BERNARD COUSIN,EXT
65,BERNARD GHANEM,EXT
66,BERNARD GRABOT,EXT
67,BERNARD JACQUEMIN,EXT
68,BERNARD RIES,EXT
69,BINLONG LI,EXT
70,BOHYUNG HAN,EXT
71,BRAIS MARTINEZ,EXT
72,BRICE MAYAG,LAMSADE
73,BRUNO BONTÉ,EXT
74,BRUNO ESCOFFIER,EXT
75,BRUNO ZANUTTINI,EXT
76,BYEONGJU LEE,EXT
77,CAMILLE DEHAIS,EXT
78,CAMILLE ROSENTHAL-SABROUX,EXT
79,CARLO SARTIANI,EXT
80,CARLOS ALBERTO MOLINARO,EXT
81,CATHERINE DUBOIS,EXT
82,CHAOHUI WANG,EXT
83,CHARLY LERSTEAU,EXT
84,CHRISTIAN ARTIGUES,EXT
85,CHRISTIAN SALLABERRY,EXT
86,CHRISTINE FROIDEVAUX,EXT
87,CHRISTOPHE BLANCHET,EXT
88,CHRISTOPHE GARCIA,EXT
89,CHRISTOPHE LABREUCHE,EXT
90,CHRISTOPHE PAUL,EXT
91,CHRISTOPHE PICOULEAU,EXT
92,CHRISTOPHE PRADAL,EXT
93,CHUNYUAN ZHANG,EXT
94,CINZIA BERNARDI,EXT
95,CLAUDIA D'AMBROSIO,EXT
96,CLAUDIA D’AMBROSIO,EXT
97,CLAUDIO GENTILE,EXT
98,CLÉMENT CHATRAS,EXT
99,CORDELIA SCHMID,EXT
100,CRISTINA BAZGAN,LAMSADE
101,CYRIL DE RUNZ,EXT
102,CÉCILE MURAT,LAMSADE
103,CÉDRIC BENTZ,EXT
104,CÉDRIC GOUY-PAILLER,EXT
105,CÉLINE ALBERT,EXT
106,D. VANDERPOOTEN,EXT
107,DACHENG TAO,EXT
108,DAFEI HUANG,EXT
109,DAIJIN KIM,EXT
110,DALAL MADAKAT,EXT
111,DAMIEN BODÉNÈS,EXT
112,DANIEL GODARD,EXT
113,DANIEL GONÇALVES,EXT
114,DANIEL VANDERPOOTEN,LAMSADE
115,DANIL PROKHOROV,EXT
116,DARIO COLAZZO,LAMSADE
117,DAWEI DU,EXT
118,DEEP MEDHI,EXT
119,DENIS BOUYSSOU,LAMSADE
120,DENIS CORNAZ,LAMSADE
121,DERDOUR MAKHLOUF,EXT
122,DIDIER DUBOIS,EXT
123,DIMITRIOS M. THILIKOS,EXT
124,DIMITRIOS XEFTERIS,EXT
125,DIMITRIS FOTAKIS,EXT
126,DIT-YAN YEUNG,EXT
127,DIYÉ DIA,EXT
128,DOMINIK PETERS,EXT
129,DOMINIQUE AMI,EXT
130,DOROTHEA BAUMEISTER,EXT
131,EDI PRIFTI,EXT
132,EDITH ELKIND,EXT
133,EDMOND AWAD,EXT
134,EDOUARD BONNET,EXT
135,EDUARDO UCHOA,EXT
136,ELISE BONZON,EXT
137,ELSA NEGRE,LAMSADE
138,EMERIC TOURNIAIRE,EXT
139,EMILIANO TRAVERSI,EXT
140,EMMANUEL KALUNGA,EXT
141,ENCARNACIÓN ALGABA,EXT
142,ENRICO MALAGUTI,EXT
143,ERALDO RIBEIRO,EXT
144,ERIC BENHAMOU,EXT
145,ERIC JACOPIN,EXT
146,ERIC KERGOSIEN,EXT
147,ERKKO LEHTONEN,EXT
148,ETSUSHI FUJITA,EXT
149,EUN JUNG KIM,LAMSADE
150,EUNJUNG KIM,EXT
151,EVRIPIDIS BAMPIS,EXT
152,FABIEN LABERNIA,EXT
153,FABIEN LOTTE,EXT
154,FABIEN MAREUIL,EXT
155,FABIEN MATHIEU,EXT
156,FABIEN TEYTAUD,EXT
157,FABIO FURINI,LAMSADE
158,FAHAD SHAHBAZ KHAN,EXT
159,FAISAL N ABU-KHZAM,EXT
160,FANNY PASCUAL,EXT
161,FATIH PORIKLI,EXT
162,FEDERICA PARODI,EXT
163,FEDERICO ULLIANA,EXT
164,FELIX BRANDT,EXT
165,FILIPO FOCACCI,EXT
166,FILIZ BUNYAK,EXT
167,FLAVIEN BALBO,EXT
168,FLORENT FOUCAUD,EXT
169,FLORENT MONTIGNAC,EXT
170,FLORIAN DELAVERNHE,EXT
171,FLORIAN JAMAIN,EXT
172,FLORIAN SIKORA,LAMSADE
173,FLORIAN YGER,LAMSADE
174,FOUCAUD FLORENT,EXT
175,FRANCESCA FOSSATI,EXT
176,FRANCK COURCHAMP,EXT
177,FRANÇOIS DURAND,EXT
178,FRANÇOIS SCHWARZENTRUBER,EXT
179,FRANÇOIS TALBOT,EXT
180,FRÉDÉRIC FONTANE,EXT
181,FRÉDÉRIC GAUTIER,EXT
182,FRÉDÉRIC LEMOINE,EXT
183,GABRIELLA PIGOZZI,LAMSADE
184,GAO ZHU,EXT
185,GENOVEVA VARGAS-SOLAR,EXT
186,GEORG NEBEHAY,EXT
187,GEORGE BUTLER,EXT
188,GERHARD WOEGINGER,EXT
189,GIACOMO KAHN,EXT
190,GIADA DE MARCHI,EXT
191,GIAN PAOLO TONINI,EXT
192,GIANCARLO MAURI,EXT
193,GIORGIO GHELLI,EXT
194,GIORGIO LUCARELLI,EXT
195,GIULIA CESARI,EXT
196,GIULIA LUCERTINI,EXT
197,GRECO GIANLUIGI,EXT
198,GUILLAUME CHAPRON,EXT
199,GUILLAUME PRÉVOST,EXT
200,GUNA SEETHARAMAN,EXT
201,GUSTAV HÄGER,EXT
202,GUSTAVO FERNÁNDEZ,EXT
203,GÜLGÜN ALPAN,EXT
204,HADAS SHACHNAI,EXT
205,HAJAR HILALI,EXT
206,HALA SKAF-MOLLI,EXT
207,HAMZA BOUZEKRI,EXT
208,HANS MITTELMANN,EXT
209,HARIS AZIZ,EXT
210,HASSAN ABOUEISHA,EXT
211,HAYFA ZGAYA,EXT
212,HEHUI WU,EXT
213,HENNING FERNAU,EXT
214,HENRI PRADE,EXT
215,HERIMANDIMBINIAINA RALIJAONA,EXT
216,HERVÉ MÉNAGER,EXT
217,HILKE KIERITZ,EXT
218,HING YAU,EXT
219,HISASHI KASHIMA,EXT
220,HMIDA HMIDA,EXT
221,HONGDONG LI,EXT
222,HONGGANG QI,EXT
223,HORST BISCHOF,EXT
224,HORST POSSEGGER,EXT
225,HOSSEIN KHANI,EXT
226,HOUSSEM BEN LAHMAR,EXT
227,HUA-MIN LIANG,EXT
228,HUNG-HSUAN LIN,EXT
229,HYEMIN LEE,EXT
230,HYEONSEOB NAM,EXT
231,I-CHEN WU,EXT
232,IGNASI SAU,EXT
233,IKKO YAMANE,EXT
234,IMÈNE BRIGUI-CHTIOUI,EXT
235,INDRA SPIECKER DÖHMANN,EXT
236,INGO WOLFGANG SARLET,EXT
237,INÈS SAAD,EXT
238,IOANA MANOLESCU,EXT
239,IOANNIS CARAGIANNIS,EXT
240,IOANNIS KATSIKARELIS,EXT
241,IOANNIS MILIS,EXT
242,IPEK ÖZKAL SANVER,EXT
243,ITALO ZOPPIS,EXT
244,IVAN BOGUN,EXT
245,IVAN JARIC,EXT
246,IYAD RAHWAN,EXT
247,JAE-CHAN JEONG,EXT
248,JAE-IL CHO,EXT
249,JAE-YEONG LEE,EXT
250,JAKUB GAJARSKY,EXT
251,JAMAL ATIF,LAMSADE
252,JANKA CHLEBIKOVA,EXT
253,JANOS FLESH,EXT
254,JAVIER ESPINOSA-OVIEDO,EXT
255,JEAN-CLAUDE RAYNAL,EXT
256,JEAN-DANIEL ZUCKER,EXT
257,JEAN-FRANÇOIS LASLIER,EXT
258,JEAN-GUY MAILLY,EXT
259,JEAN-LUC BARIL,EXT
260,JEAN-PAUL BARTHÈS,EXT
261,JEAN-PHILIPPE TONNEAU,EXT
262,JESÚS CAMACHO-RODRÍGUEZ,EXT
263,JI-WAN KIM,EXT
264,JIALIN LIU,EXT
265,JIANKE ZHU,EXT
266,JIANPING SHI,EXT
267,JIATONG LI,EXT
268,JIAYA JIA,EXT
269,JIAYI FENG,EXT
270,JILL-JÊNN VIE,EXT
271,JIN GAO,EXT
272,JIN YOUNG CHOI,EXT
273,JIRI MATAS,EXT
274,JOACHIM SCHAUER,EXT
275,JOACHIM SCHÖPFEL,EXT
276,JOCHEN LANG,EXT
277,JONGWON CHOI,EXT
278,JORGE ALMEIDA,EXT
279,JOSE M. MARTINEZ,EXT
280,JUAN A. M. NARANJO,EXT
281,JUAN A. NEPOMUCENO,EXT
282,JULIEN BENSMAIL,EXT
283,JULIEN LESCA,LAMSADE
284,JULIEN ROSSIT,EXT
285,JULIETTE ROUCHIER,LAMSADE
286,JUNLIANG XING,EXT
287,JUSTIN KRUGER,EXT
288,JÉRÔME CHOPARD,EXT
289,JÉRÔME DELOBELLE,EXT
290,JÉRÔME LANG,EXT
291,JÉRÔME MONNOT,EXT
292,JÉRÔME MORIO,EXT
293,JÖRG ROTHE,EXT
294,KAI XUE,EXT
295,KANNAPPAN PALANIAPPAN,EXT
296,KAREL LEBEDA,EXT
297,KARSTEN SCHÖLZEL,EXT
298,KARTEEK ALAHARI,EXT
299,KATARÍNA CECHLAROVA,EXT
300,KATARÍNA CECHLÁROVÁ,EXT
301,KATRIN CASEL,EXT
302,KAVEH KHOSHKHAH,EXT
303,KAZAR OKBA,EXT
304,KAZUHISA MAKINO,EXT
305,KE GAO,EXT
306,KHALED BELAHCENE,EXT
307,KHALID BELHAJJAME,LAMSADE
308,KIMIN YUN,EXT
309,KIN HONG WONG,EXT
310,KONRAD HINSEN,EXT
311,KÉVIN COCCHI,EXT
312,LAMIA CHAARI,EXT
313,LATIFA BENHAMOU,EXT
314,LAURA SCHERTEL MENDES,EXT
315,LAURENT BOUGRAIN,EXT
316,LAURENT GOURVÈS,EXT
317,LEI LUO,EXT
318,LEO LIBERTI,EXT
319,LIANG MA,EXT
320,LIANG-LIANG FU,EXT
321,LIPENG KE,EXT
322,LONGYIN WEN,EXT
323,LUC ADOLPHE,EXT
324,LUCA BERTINETTO,EXT
325,LUCA LONGO,EXT
326,LUCIE GALAND,LAMSADE
327,LUCIEN HADDAD,EXT
328,LUDOVIC NOIRIE,EXT
329,LUIDI SIMONETTI,EXT
330,LUKA CEHOVIN,EXT
331,LYDIA TLILANE,EXT
332,MAGUELONNE TEISSEIRE,EXT
333,MAHDIEH POOTSCHI,EXT
334,MAKOTO YOKOO,EXT
335,MALIKA GRIM-YEFSAH,EXT
336,MAMADOU MOUSTAPHA KANTÉ,EXT
337,MANEL AYADI,EXT
338,MARC DEMANGE,EXT
339,MARC PIRLOT,EXT
340,MARC SEVAUX,EXT
341,MARCEL ADONIS HADDAD,EXT
342,MARCO CONGEDO,EXT
343,MARCO E. LÜBBECKE,EXT
344,MARCO SCARSINI,EXT
345,MAREK ZIVCAK,EXT
346,MARGARET HU,EXT
347,MARIA SERNA,EXT
348,MARIAN BRESTIC,EXT
349,MARIE-CHRISTINE HO BA THO,EXT
350,MARIE-HELENE ABEL,EXT
351,MARIE-HÉLÈNE ABEL,EXT
352,MARIE-LIESSE CAUWET,EXT
353,MARIE-NOELLE BESSAGNET,EXT
354,MARILENA DE MARIANO,EXT
355,MARIO MARESCA,EXT
356,MARION BONHOMME,EXT
357,MARTA RUKOZ,EXT
358,MARTIN BERGNER,EXT
359,MARTIN CAMINADA,EXT
360,MARTIN DANELLJAN,EXT
361,MARTIN JEANMOUGIN,EXT
362,MARTIN MUSICANTE,EXT
363,MASASHI KIYOMI,EXT
364,MASASHI SUGIYAMA,EXT
365,MATEJ KRISTAN,EXT
366,MATHIAS WELLER,EXT
367,MATHIEU ROCHE,EXT
368,MATIAS NUNEZ,EXT
369,MAUDE ARRU,EXT
370,MAUDE MANOUVRIER,LAMSADE
371,MAUREEN CLERC,EXT
372,MAXIME BERAR,EXT
373,MEHDI KHOSRAVIAN GHADIKOLAEI,EXT
374,MEHDI KHOULOUD,EXT
375,MEHMET REMZI SANVER,LAMSADE
376,MEI WEN,EXT
377,MELANIE HERSCHEL,EXT
378,MELTEM OZTURK,LAMSADE
379,MELTEM OZTURK ESCOFFIER,EXT
380,MELTEM OZTÜRK,EXT
381,MELTEM ÖZTÜRK,EXT
382,MENGDAN ZHANG,EXT
383,MERZOUG SOLTANE,EXT
384,MICHAEL ARENS,EXT
385,MICHAEL FELSBERG,EXT
386,MICHAEL KIRSTEN,EXT
387,MICHAEL LAMPIS,EXT
388,MICHAEL POSS,EXT
389,MICHAIL LAMPIS,LAMSADE
390,MICHEL GONDRAN,EXT
391,MICHEL GRUNDSTEIN,EXT
392,MICHEL VALSTAR,EXT
393,MICHELA CROCE,EXT
394,MICHELE MONACI,EXT
395,MIGUEL COUCEIRO,EXT
396,MIKOLAJ PODLASZEWSKI,EXT
397,MING TANG,EXT
398,MING-CHING CHANG,EXT
399,MINGYU XIAO,EXT
400,MOHAMED ALI ALOULOU,EXT
401,MOHAMED-AMINE BAAZIZI,EXT
402,MOHAMMAD AMIN FARVARDIN,EXT
403,MOUNA BAMOUMEN,EXT
404,MUHAMMAD KHAN,EXT
405,MUSTAPHA SALI,EXT
406,NAHLA BEN AMOR,EXT
407,NAIYAN WANG,EXT
408,NAJAT BARA,EXT
409,NAJOUA ALAOUI,EXT
410,NANA FAN,EXT
411,NATALIYA SOKOLOVSKA,EXT
412,NATHANAËL BARROT,EXT
413,NATHANN COHEN,EXT
414,NEÏLA BHOURI,EXT
415,NGOC KHANG LE,EXT
416,NGUYEN THANH HAI,EXT
417,NHAN-TAM NGUYEN,EXT
418,NICK GOULD,EXT
419,NICOLAS BOURGEOIS,EXT
420,NICOLAS FAYARD,EXT
421,NICOLAS GASTINEAU,EXT
422,NICOLAS LICHIARDOPOL,EXT
423,NICOLAS MAUDET,EXT
424,NICOLAS PAGET,EXT
425,NICOLAS PARIS,EXT
426,NICOLE BIDOIT,EXT
427,NIKOLAOS MELISSINOS,EXT
428,NIKOLAOS V. SAHINIDIS,EXT
429,NING WANG,EXT
430,NORMANN WITZLEB,EXT
431,O-JOUNG KWON,EXT
432,OKSANA SYTAR,EXT
433,OLIVIA TAMBOU,EXT
434,OLIVIER BARRETEAU,EXT
435,OLIVIER CAILLOUX,LAMSADE
436,OLIVIER COLLIN,EXT
437,OLIVIER RAYNAUD,EXT
438,OLIVIER TEYTAUD,EXT
439,OLIVIER TOGNI,EXT
440,ONDREJ MIKSIK,EXT
441,ONS NEFLA,EXT
442,PANAYOTIS MERTIKOPOULOS,EXT
443,PANOS GIANNOPOULOS,EXT
444,PAOLO VIAPPIANI,EXT
445,PATRICE PERNY,EXT
446,PAUL BERNAL,EXT
447,PAVLOS MORAITIS,EXT
448,PAWEL RZĄŻEWSKI,EXT
449,PAWEŁ RZĄŻEWSKI,EXT
450,PEDRO LIGUORI,EXT
451,PETER BIRO,EXT
452,PHILIP H. S. TORR,EXT
453,PHILIPPE BICH,EXT
454,PHILIPPE CAILLOU,EXT
455,PHILIPPE ROOSE,EXT
456,PIERRE CARDALIAGUET,EXT
457,PIERRE FENIES,EXT
458,PIERRE LARMANDE,EXT
459,PIERRE MAUREL,EXT
460,PIERRE MERCURIALI,EXT
461,PIERRE-EMMANUEL ARDUIN,EXT
462,PIERRE-LOUIS POIRION,EXT
463,PIETRO BELOTTI,EXT
464,PIOTR FALISZEWSKI,EXT
465,PLÁCIDO SOUZA NETO,EXT
466,QIANG WANG,EXT
467,QUENTIN BARTHÉLEMY,EXT
468,QUENTIN BRABANT,EXT
469,RAFAEL ANGARITA,EXT
470,RAFAEL ANGARITA AROCHA,EXT
471,RAFAEL MARTIN-NIETO,EXT
472,RAFAEL PINOT,EXT
473,RAOUIA TAKTAK,EXT
474,RENGARAJAN PELAPUR,EXT
475,RICCARDO DONDI,EXT
476,RICHARD BOWDEN,EXT
477,RIDA LARAKI,LAMSADE
478,RIDHA MAHJOUB,EXT
479,RIHAB MAALOUL,EXT
480,RIM KALAÏ,EXT
481,ROBERT LAGANIÈRE,EXT
482,ROMAIN PÉCHOUX,EXT
483,ROMAN PFLUGFELDER,EXT
484,RUSLAN SADYKOV,EXT
485,RUTH MISENER,EXT
486,RYAN LAHFA,EXT
487,RÉMY BELMONTE,EXT
488,SAEED HADIKHANLOO,EXT
489,SAHAR HOTEIT,EXT
490,SALMA MOUJTAHID,EXT
491,SAM HARE,EXT
492,SAMIRA SI-SAID CHERFI,EXT
493,SANA BEN HAMIDA,EXT
494,SANG-IL OUM,EXT
495,SARA STIGLIANI,EXT
496,SARAH COHEN-BOULAKIA,EXT
497,SARRA BOUZAYANE,EXT
498,SASCHA KURZ,EXT
499,SATYAM KUMAR,EXT
500,SEBASTIAN ORDYNIAK,EXT
501,SELWA ELFIRDOUSSI,EXT
502,SHAHID HUSSAIN,EXT
503,SHI-JIM YEN,EXT
504,SILVANO FERRINI,EXT
505,SIMON HADFIELD,EXT
506,SIWEI LYU,EXT
507,SIYI LI,EXT
508,SIYING LI,EXT
509,SONG-CHUN ZHU,EXT
510,SONIA TOUBALINE,LAMSADE
511,SOUDIP ROY CHOWDHURY,EXT
512,STEFAN BECKER,EXT
513,STEFAN DUFFNER,EXT
514,STEFAN VIGERSKE,EXT
515,STEFANO MORETTI,LAMSADE
516,STEFANO SECCI,EXT
517,STEPHEN HICKS,EXT
518,STUART GOLODETZ,EXT
519,STÉPHAN THOMASSÉ,EXT
520,STÉPHANE AIRIAU,EXT
521,STÉPHANE CALANDRA,EXT
522,STÉPHANE CARDON,EXT
523,STÉPHANE CHAUDIRON,EXT
524,SUNGLOK CHOI,EXT
525,SUSHIL JAJODIA,EXT
526,SUZANNE PINSON,LAMSADE
527,SYLVAIN BOUVERET,EXT
528,SYLVAIN CHEVALLIER,EXT
529,SYLVIE GUERRAND,EXT
530,SÉBASTIEN DAMART,EXT
531,SÉBASTIEN DESTERCKE,EXT
532,SÉBASTIEN KONIECZNY,EXT
533,SÓNIA TOUBALINE,EXT
534,TAIKI TODO,EXT
535,TAMAS WALDHAUSER,EXT
536,TATHIANE MARTINS,EXT
537,TESSHU HANAKA,EXT
538,THANH HAI NGUYEN,EXT
539,THIBAUT LUST,EXT
540,THIERRY MARCHANT,EXT
541,THOMAS CHALUMEAU,EXT
542,THOMAS CLAUSEN,EXT
543,THOMAS GUYET,EXT
544,THOMAS MAUTHNER,EXT
545,THOMAS PONTOIZEAU,EXT
546,THOMAS SCHWARZ,EXT
547,TIANFU WU,EXT
548,TIEN-NAM LE,EXT
549,TIEN-TUAN DAO,EXT
550,TINA COMES,EXT
551,TOMAS VOJIR,EXT
552,TONY PRIDMORE,EXT
553,TRISTAN CAZENAVE,LAMSADE
554,TRUNG THANH NGUYEN,EXT
555,TUAN NHA HOANG,EXT
556,ULLE ENDRISS,EXT
557,UMBERTO SOUZA DA COSTA,EXT
558,VADIM LOZIN,EXT
559,VALERIA DE CASTRO,EXT
560,VALIA MITSOU,EXT
561,VANGELIS PASCHOS,LAMSADE
562,VANGELIS TH PASCHOS,EXT
563,VANGELIS TH. PASCHOS,EXT
564,VIANNEY PERCHET,EXT
565,VIKTOR ZAMARAEV,EXT
566,VINCENT CONITZER,EXT
567,VINCENT GIARD,LAMSADE
568,VINCENT HOVELAQUE,EXT
569,VINCENT MERLIN,EXT
570,VINCENT MOUSSEAU,EXT
571,VIRGINIE GABREL,LAMSADE
572,VIRGINIE THION,EXT
573,VITTORIO BILÒ,EXT
574,WASSILA OUERDANE,EXT
575,WEIMING HU,EXT
576,WILLIAM J. RIPPLE,EXT
577,WITOLD LITWIN,LAMSADE
578,WOLFGANG HÜBNER,EXT
579,XIAOMENG WANG,EXT
580,XIN LI,EXT
581,XINCHU SHI,EXT
582,XU ZHAO,EXT
583,XUE MEI,EXT
584,XUEYING SHEN,EXT
585,Y. NOACK,EXT
586,YANG HUA,EXT
587,YANG LI,EXT
588,YANG LU,EXT
589,YANN CHEVALEYRE,LAMSADE
590,YANNICK LOISEAU,EXT
591,YANNIS DIMOPOULOS,EXT
592,YAO SHIZENG,EXT
593,YOANN DESMOUCEAUX,EXT
594,YOTA OTACHI,EXT
595,YUDITH CARDINALE,EXT
596,YUEZUN LI,EXT
597,YVAN LE BRAS,EXT
598,YVES MEINARD,LAMSADE
599,ZAHRA FERDOUSI,EXT
600,ZAHRA VAHIDI FERDOUSI,EXT
601,ZEHUA HUANG,EXT
602,ZHAOYUN CHEN,EXT
603,ZHE CHEN,EXT
604,ZHE ZHANG,EXT
605,ZHENYU HE,EXT
606,ZHIBIN HONG,EXT
607,ZIED OTHMANE,EXT
608,ÉDOUARD BONNET,EXT
